#node1	node2	node1_string_id	node2_string_id	neighborhood_on_chromosome	gene_fusion	phylogenetic_cooccurrence	homology	coexpression	experimentally_determined_interaction	database_annotated	automated_textmining	combined_score
ASF1B	MCM4	9606.ENSP00000263382	9606.ENSP00000262105	0	0	0	0	0.422	0.622	0	0.654	0.918
ASF1B	MCM7	9606.ENSP00000263382	9606.ENSP00000307288	0	0	0	0	0.393	0.433	0	0.734	0.900
ASF1B	TONSL	9606.ENSP00000263382	9606.ENSP00000386239	0	0	0	0	0.153	0.795	0	0.626	0.929
ASF1B	MCM6	9606.ENSP00000263382	9606.ENSP00000264156	0	0	0	0	0.339	0.793	0	0.594	0.939
ASF1B	MCM2	9606.ENSP00000263382	9606.ENSP00000265056	0	0	0	0	0.476	0.983	0	0.620	0.996
ASPM	AURKA	9606.ENSP00000356379	9606.ENSP00000216911	0	0	0	0	0.705	0.314	0	0.685	0.930
ASPM	CCNB1	9606.ENSP00000356379	9606.ENSP00000256442	0	0	0	0	0.838	0	0	0.714	0.952
ASPM	NDC80	9606.ENSP00000356379	9606.ENSP00000261597	0	0	0	0	0.959	0.160	0	0.170	0.969
ASPM	CENPE	9606.ENSP00000356379	9606.ENSP00000265148	0	0	0	0	0.954	0.078	0	0.589	0.981
ASPM	BUB1B	9606.ENSP00000356379	9606.ENSP00000287598	0	0	0	0	0.928	0.111	0	0.628	0.974
ASPM	BUB1	9606.ENSP00000356379	9606.ENSP00000302530	0	0	0	0	0.907	0.111	0	0.741	0.976
ASPM	KIF15	9606.ENSP00000356379	9606.ENSP00000324020	0	0	0	0	0.895	0	0	0.743	0.971
ASPM	UBE2C	9606.ENSP00000356379	9606.ENSP00000348838	0	0	0	0	0.835	0	0	0.673	0.943
ASPM	CENPF	9606.ENSP00000356379	9606.ENSP00000355922	0	0	0	0	0.938	0	0	0.802	0.987
ASPM	NEK2	9606.ENSP00000356379	9606.ENSP00000355966	0	0	0	0	0.837	0	0	0.507	0.916
ASPM	KIF14	9606.ENSP00000356379	9606.ENSP00000356319	0	0	0	0	0.876	0.292	0	0.617	0.963
ASPM	CDK1	9606.ENSP00000356379	9606.ENSP00000378699	0	0	0	0	0.827	0	0	0.682	0.942
ASPM	CCNA2	9606.ENSP00000356379	9606.ENSP00000481380	0	0	0	0	0.865	0	0	0.603	0.944
ASPM	CEP55	9606.ENSP00000356379	9606.ENSP00000360540	0	0	0	0	0.842	0	0	0.700	0.950
ASPM	PBK	9606.ENSP00000356379	9606.ENSP00000428489	0	0	0	0	0.841	0.046	0	0.703	0.951
ASPM	MKI67	9606.ENSP00000356379	9606.ENSP00000357643	0	0	0	0	0.895	0.099	0	0.635	0.962
ASPM	CDC20	9606.ENSP00000356379	9606.ENSP00000361540	0	0	0	0	0.900	0.111	0	0.715	0.972
ASPM	STIL	9606.ENSP00000356379	9606.ENSP00000360944	0	0	0	0	0.477	0.164	0	0.942	0.972
ASPM	KIF20A	9606.ENSP00000356379	9606.ENSP00000378356	0	0	0	0	0.900	0.048	0	0.765	0.975
ASPM	TOP2A	9606.ENSP00000356379	9606.ENSP00000411532	0	0	0	0	0.983	0	0	0.804	0.996
ASRGL1	CAD	9606.ENSP00000400057	9606.ENSP00000264705	0.057	0	0	0	0	0	0.900	0.072	0.904
AURKA	CENPF	9606.ENSP00000216911	9606.ENSP00000355922	0	0	0	0	0.679	0	0	0.708	0.902
AURKA	AURKB	9606.ENSP00000216911	9606.ENSP00000313950	0	0	0.061	0.958	0.573	0.421	0.540	0.387	0.922
AURKA	BUB1B	9606.ENSP00000216911	9606.ENSP00000287598	0	0	0	0	0.723	0.089	0	0.722	0.924
AURKA	MAD2L1	9606.ENSP00000216911	9606.ENSP00000296509	0	0	0	0	0.647	0.100	0	0.796	0.929
AURKA	NDC80	9606.ENSP00000216911	9606.ENSP00000261597	0	0	0	0	0.720	0.474	0	0.584	0.933
AURKA	KIF20A	9606.ENSP00000216911	9606.ENSP00000378356	0	0	0	0	0.833	0.084	0	0.616	0.936
AURKA	CEP55	9606.ENSP00000216911	9606.ENSP00000360540	0	0	0	0	0.802	0.161	0	0.650	0.936
AURKA	CCNA2	9606.ENSP00000216911	9606.ENSP00000481380	0	0	0	0	0.853	0	0	0.669	0.949
AURKA	CDK1	9606.ENSP00000216911	9606.ENSP00000378699	0	0	0.125	0.747	0.777	0.525	0	0.537	0.951
AURKA	CENPA	9606.ENSP00000216911	9606.ENSP00000336868	0	0	0	0	0.785	0.149	0	0.797	0.959
AURKA	TOP2A	9606.ENSP00000216911	9606.ENSP00000411532	0	0	0	0	0.826	0.071	0	0.791	0.963
AURKA	PTTG1	9606.ENSP00000216911	9606.ENSP00000377536	0	0	0	0	0.680	0.329	0.500	0.730	0.967
AURKA	BUB1	9606.ENSP00000216911	9606.ENSP00000302530	0	0	0	0	0.836	0.089	0	0.822	0.971
AURKA	CCNB1	9606.ENSP00000216911	9606.ENSP00000256442	0	0	0	0	0.863	0.094	0	0.845	0.979
AURKA	UBE2C	9606.ENSP00000216911	9606.ENSP00000348838	0	0	0	0	0.835	0.300	0.400	0.828	0.986
AURKA	BIRC5	9606.ENSP00000216911	9606.ENSP00000301633	0	0	0	0	0.824	0.492	0.540	0.865	0.993
AURKA	CDC20	9606.ENSP00000216911	9606.ENSP00000361540	0	0	0	0	0.902	0.513	0.500	0.817	0.995
AURKA	PLK1	9606.ENSP00000216911	9606.ENSP00000300093	0	0	0	0.741	0.902	0.690	0.500	0.840	0.997
AURKB	CCNB1	9606.ENSP00000313950	9606.ENSP00000256442	0	0	0	0	0.587	0.094	0.400	0.851	0.962
AURKB	NDC80	9606.ENSP00000313950	9606.ENSP00000261597	0	0	0	0	0.746	0.474	0	0.856	0.979
AURKB	CENPE	9606.ENSP00000313950	9606.ENSP00000265148	0	0	0	0	0.534	0.100	0	0.946	0.975
AURKB	BUB1B	9606.ENSP00000313950	9606.ENSP00000287598	0	0	0	0	0.637	0.327	0.500	0.992	0.999
AURKB	MAD2L1	9606.ENSP00000313950	9606.ENSP00000296509	0	0	0	0	0.603	0.071	0.500	0.669	0.930
AURKB	PLK1	9606.ENSP00000313950	9606.ENSP00000300093	0	0	0	0.744	0.789	0.212	0.500	0.351	0.939
AURKB	BIRC5	9606.ENSP00000313950	9606.ENSP00000301633	0	0	0	0	0.764	0.944	0.800	0.996	0.999
AURKB	BUB1	9606.ENSP00000313950	9606.ENSP00000302530	0	0	0	0	0.827	0.089	0	0.984	0.997
AURKB	CENPF	9606.ENSP00000313950	9606.ENSP00000355922	0	0	0	0	0.559	0	0	0.838	0.925
AURKB	PTTG1	9606.ENSP00000313950	9606.ENSP00000377536	0	0	0	0	0.608	0	0.500	0.760	0.949
AURKB	UBE2C	9606.ENSP00000313950	9606.ENSP00000348838	0	0	0	0	0.766	0.053	0.400	0.704	0.955
AURKB	TOP2A	9606.ENSP00000313950	9606.ENSP00000411532	0	0	0	0	0.831	0.314	0	0.761	0.970
AURKB	KIF20A	9606.ENSP00000313950	9606.ENSP00000378356	0	0	0	0	0.835	0.637	0	0.846	0.990
AURKB	CCNA2	9606.ENSP00000313950	9606.ENSP00000481380	0	0	0	0	0.960	0	0	0.807	0.991
AURKB	CDK1	9606.ENSP00000313950	9606.ENSP00000378699	0	0	0.138	0.719	0.950	0.331	0.400	0.856	0.997
AURKB	CENPA	9606.ENSP00000313950	9606.ENSP00000336868	0	0	0	0	0.928	0.667	0	0.917	0.997
AURKB	CDC20	9606.ENSP00000313950	9606.ENSP00000361540	0	0	0	0	0.889	0.297	0.500	0.965	0.998
BARD1	XRCC3	9606.ENSP00000260947	9606.ENSP00000451974	0	0	0	0	0.049	0.045	0.500	0.816	0.905
BARD1	UBE2C	9606.ENSP00000260947	9606.ENSP00000348838	0	0	0	0	0.169	0.108	0.900	0.248	0.936
BARD1	UBE2S	9606.ENSP00000260947	9606.ENSP00000264552	0	0	0	0	0.057	0.108	0.900	0.598	0.961
BARD1	RAD51	9606.ENSP00000260947	9606.ENSP00000493712	0	0	0	0	0.198	0.758	0.720	0.993	0.999
BCL9	PYGO2	9606.ENSP00000234739	9606.ENSP00000357442	0	0	0	0	0.063	0.718	0.900	0.981	0.999
BIRC5	CCNB1	9606.ENSP00000301633	9606.ENSP00000256442	0	0	0	0	0.906	0.098	0.400	0.884	0.993
BIRC5	CENPE	9606.ENSP00000301633	9606.ENSP00000265148	0	0	0	0	0.786	0.060	0	0.834	0.963
BIRC5	BUB1B	9606.ENSP00000301633	9606.ENSP00000287598	0	0	0	0	0.847	0.095	0.500	0.834	0.987
BIRC5	MAD2L1	9606.ENSP00000301633	9606.ENSP00000296509	0	0	0	0	0.913	0	0.500	0.614	0.981
BIRC5	PLK1	9606.ENSP00000301633	9606.ENSP00000300093	0	0	0	0	0.852	0	0.500	0.756	0.980
BIRC5	CEP55	9606.ENSP00000301633	9606.ENSP00000360540	0	0	0	0	0.806	0	0	0.570	0.913
BIRC5	TK1	9606.ENSP00000301633	9606.ENSP00000468425	0	0	0	0	0.846	0	0	0.501	0.920
BIRC5	PTTG1	9606.ENSP00000301633	9606.ENSP00000377536	0	0	0	0	0.849	0	0	0.532	0.926
BIRC5	MKI67	9606.ENSP00000301633	9606.ENSP00000357643	0	0	0	0	0.817	0	0	0.684	0.939
BIRC5	NEK2	9606.ENSP00000301633	9606.ENSP00000355966	0	0	0	0	0.817	0.098	0	0.665	0.940
BIRC5	CENPA	9606.ENSP00000301633	9606.ENSP00000336868	0	0	0	0	0.839	0.131	0	0.702	0.955
BIRC5	CCNA2	9606.ENSP00000301633	9606.ENSP00000481380	0	0	0	0	0.857	0	0	0.707	0.956
BIRC5	FOXM1	9606.ENSP00000301633	9606.ENSP00000342307	0	0	0	0	0.808	0.048	0	0.792	0.958
BIRC5	CENPF	9606.ENSP00000301633	9606.ENSP00000355922	0	0	0	0	0.779	0	0	0.826	0.960
BIRC5	KIF20A	9606.ENSP00000301633	9606.ENSP00000378356	0	0	0	0	0.903	0.053	0	0.732	0.973
BIRC5	TOP2A	9606.ENSP00000301633	9606.ENSP00000411532	0	0	0	0	0.868	0	0	0.828	0.976
BIRC5	PBK	9606.ENSP00000301633	9606.ENSP00000428489	0	0	0	0	0.932	0.092	0	0.683	0.978
BIRC5	BUB1	9606.ENSP00000301633	9606.ENSP00000302530	0	0	0	0	0.844	0.095	0	0.865	0.979
BIRC5	UBE2C	9606.ENSP00000301633	9606.ENSP00000348838	0	0	0	0	0.956	0.091	0	0.819	0.992
BIRC5	CDC20	9606.ENSP00000301633	9606.ENSP00000361540	0	0	0	0	0.954	0.045	0.500	0.811	0.995
BIRC5	CDK1	9606.ENSP00000301633	9606.ENSP00000378699	0	0	0	0	0.926	0.510	0.400	0.890	0.997
BLM	MSH2	9606.ENSP00000347232	9606.ENSP00000233146	0.047	0	0	0	0.291	0.638	0	0.664	0.907
BLM	FANCD2	9606.ENSP00000347232	9606.ENSP00000287647	0	0	0	0	0.329	0.542	0	0.800	0.933
BLM	FEN1	9606.ENSP00000347232	9606.ENSP00000305480	0.050	0	0	0	0.345	0.728	0	0.592	0.921
BLM	CHEK1	9606.ENSP00000347232	9606.ENSP00000391090	0	0	0	0	0.440	0.540	0.500	0.538	0.932
BLM	XRCC3	9606.ENSP00000347232	9606.ENSP00000451974	0.042	0	0	0	0.089	0.759	0.500	0.698	0.962
BLM	DNA2	9606.ENSP00000347232	9606.ENSP00000351185	0	0	0	0	0.372	0.576	0.500	0.919	0.987
BLM	RAD51	9606.ENSP00000347232	9606.ENSP00000493712	0.042	0	0	0	0.437	0.970	0.500	0.891	0.998
BLM	EXO1	9606.ENSP00000347232	9606.ENSP00000355506	0.050	0	0	0	0.572	0.907	0.700	0.915	0.998
BLM	FANCA	9606.ENSP00000347232	9606.ENSP00000373952	0	0	0	0	0.344	0.994	0	0.835	0.999
BUB1	CCNB1	9606.ENSP00000302530	9606.ENSP00000256442	0	0	0	0	0.846	0.279	0.400	0.900	0.992
BUB1	NDC80	9606.ENSP00000302530	9606.ENSP00000261597	0	0	0	0	0.932	0.838	0	0.853	0.998
BUB1	CENPE	9606.ENSP00000302530	9606.ENSP00000265148	0	0	0	0	0.839	0.259	0	0.934	0.991
BUB1	BUB1B	9606.ENSP00000302530	9606.ENSP00000287598	0	0	0	0.584	0.920	0.919	0.500	0.989	0.999
BUB1	MAD2L1	9606.ENSP00000302530	9606.ENSP00000296509	0	0	0	0	0.841	0.875	0.900	0.940	0.999
BUB1	PLK1	9606.ENSP00000302530	9606.ENSP00000300093	0	0	0	0	0.587	0.390	0.800	0.936	0.996
BUB1	SGO2	9606.ENSP00000302530	9606.ENSP00000350447	0	0	0	0	0.449	0	0	0.830	0.902
BUB1	CDC25C	9606.ENSP00000302530	9606.ENSP00000321656	0	0	0	0	0.784	0	0	0.651	0.921
BUB1	KIF15	9606.ENSP00000302530	9606.ENSP00000324020	0	0	0	0	0.860	0	0	0.475	0.923
BUB1	CEP55	9606.ENSP00000302530	9606.ENSP00000360540	0	0	0	0	0.847	0	0	0.548	0.928
BUB1	EXO1	9606.ENSP00000302530	9606.ENSP00000355506	0	0	0	0	0.828	0.073	0	0.594	0.929
BUB1	NEK2	9606.ENSP00000302530	9606.ENSP00000355966	0	0	0	0	0.819	0	0	0.639	0.932
BUB1	PBK	9606.ENSP00000302530	9606.ENSP00000428489	0	0	0	0	0.869	0.062	0	0.516	0.935
BUB1	CHEK1	9606.ENSP00000302530	9606.ENSP00000391090	0	0	0	0	0.794	0.053	0	0.748	0.946
BUB1	UBE2C	9606.ENSP00000302530	9606.ENSP00000348838	0	0	0	0	0.887	0	0	0.607	0.954
BUB1	PTTG1	9606.ENSP00000302530	9606.ENSP00000377536	0	0	0	0	0.744	0	0	0.833	0.955
BUB1	KIF20A	9606.ENSP00000302530	9606.ENSP00000378356	0	0	0	0	0.863	0.314	0	0.601	0.959
BUB1	MKI67	9606.ENSP00000302530	9606.ENSP00000357643	0	0	0	0	0.899	0	0	0.653	0.963
BUB1	CENPA	9606.ENSP00000302530	9606.ENSP00000336868	0	0	0	0	0.815	0.111	0	0.830	0.969
BUB1	CCNA2	9606.ENSP00000302530	9606.ENSP00000481380	0	0	0	0	0.879	0	0	0.851	0.981
BUB1	TOP2A	9606.ENSP00000302530	9606.ENSP00000411532	0	0	0	0	0.918	0	0	0.790	0.982
BUB1	CENPF	9606.ENSP00000302530	9606.ENSP00000355922	0	0	0	0	0.871	0	0	0.903	0.987
BUB1	CDK1	9606.ENSP00000302530	9606.ENSP00000378699	0	0	0	0	0.890	0.354	0.400	0.964	0.998
BUB1	CDC20	9606.ENSP00000302530	9606.ENSP00000361540	0	0	0	0	0.907	0.996	0.800	0.993	0.999
BUB1B	TRIP13	9606.ENSP00000287598	9606.ENSP00000166345	0	0	0	0	0.683	0.510	0	0.576	0.928
BUB1B	CCNB1	9606.ENSP00000287598	9606.ENSP00000256442	0	0	0	0	0.847	0.279	0.720	0.966	0.998
BUB1B	NDC80	9606.ENSP00000287598	9606.ENSP00000261597	0	0	0	0	0.856	0.238	0.720	0.793	0.992
BUB1B	KIF18A	9606.ENSP00000287598	9606.ENSP00000263181	0	0	0	0	0.664	0.071	0.500	0.509	0.913
BUB1B	CENPE	9606.ENSP00000287598	9606.ENSP00000265148	0	0	0	0	0.840	0.636	0.500	0.998	0.999
BUB1B	RRM2	9606.ENSP00000287598	9606.ENSP00000353770	0	0	0	0	0.823	0	0	0.576	0.922
BUB1B	KIF15	9606.ENSP00000287598	9606.ENSP00000324020	0	0	0	0	0.863	0	0	0.465	0.923
BUB1B	MKI67	9606.ENSP00000287598	9606.ENSP00000357643	0	0	0	0	0.863	0.292	0	0.359	0.932
BUB1B	PBK	9606.ENSP00000287598	9606.ENSP00000428489	0	0	0	0	0.853	0.062	0	0.579	0.937
BUB1B	CEP55	9606.ENSP00000287598	9606.ENSP00000360540	0	0	0	0	0.841	0	0	0.632	0.939
BUB1B	RAD51	9606.ENSP00000287598	9606.ENSP00000493712	0	0	0	0	0.595	0.071	0.720	0.521	0.942
BUB1B	FOXM1	9606.ENSP00000287598	9606.ENSP00000342307	0	0	0	0	0.812	0.116	0	0.695	0.944
BUB1B	KIF20A	9606.ENSP00000287598	9606.ENSP00000378356	0	0	0	0	0.911	0.071	0	0.752	0.977
BUB1B	PTTG1	9606.ENSP00000287598	9606.ENSP00000377536	0	0	0	0	0.606	0.336	0	0.923	0.978
BUB1B	TOP2A	9606.ENSP00000287598	9606.ENSP00000411532	0	0	0	0	0.925	0	0	0.747	0.980
BUB1B	CENPA	9606.ENSP00000287598	9606.ENSP00000336868	0	0	0	0	0.810	0.111	0.500	0.850	0.985
BUB1B	UBE2C	9606.ENSP00000287598	9606.ENSP00000348838	0	0	0	0	0.832	0.287	0.720	0.768	0.991
BUB1B	CCNA2	9606.ENSP00000287598	9606.ENSP00000481380	0	0	0	0	0.865	0.292	0.500	0.904	0.994
BUB1B	NEK2	9606.ENSP00000287598	9606.ENSP00000355966	0	0	0	0	0.839	0.994	0.500	0.640	0.999
BUB1B	PLK1	9606.ENSP00000287598	9606.ENSP00000300093	0	0	0	0	0.838	0.845	0.720	0.932	0.999
BUB1B	CDC20	9606.ENSP00000287598	9606.ENSP00000361540	0	0	0	0	0.901	0.999	0.800	0.999	0.999
BUB1B	CENPF	9606.ENSP00000287598	9606.ENSP00000355922	0	0	0	0	0.903	0	0.900	0.918	0.999
BUB1B	MAD2L1	9606.ENSP00000287598	9606.ENSP00000296509	0	0	0	0	0.720	0.999	0.800	0.988	0.999
BUB1B	CDK1	9606.ENSP00000287598	9606.ENSP00000378699	0	0	0	0	0.846	0.126	0.500	0.994	0.999
CAD	GLS	9606.ENSP00000264705	9606.ENSP00000317379	0	0	0	0	0.054	0	0.900	0.322	0.930
CCNA2	CDC6	9606.ENSP00000481380	9606.ENSP00000209728	0	0	0	0	0.672	0.960	0.900	0.941	0.999
CCNA2	MCM5	9606.ENSP00000481380	9606.ENSP00000216122	0	0.011	0	0	0.562	0	0.400	0.818	0.948
CCNA2	CCNB1	9606.ENSP00000481380	9606.ENSP00000256442	0	0	0	0.731	0.855	0.588	0.400	0.889	0.995
CCNA2	CCNE1	9606.ENSP00000481380	9606.ENSP00000262643	0	0	0	0.641	0.344	0.176	0.400	0.737	0.903
CCNA2	CENPE	9606.ENSP00000481380	9606.ENSP00000265148	0	0	0	0	0.837	0.091	0	0.488	0.917
CCNA2	MAD2L1	9606.ENSP00000481380	9606.ENSP00000296509	0	0	0	0	0.849	0	0.500	0.853	0.988
CCNA2	PLK1	9606.ENSP00000481380	9606.ENSP00000300093	0	0	0	0	0.757	0	0	0.836	0.958
CCNA2	CDT1	9606.ENSP00000481380	9606.ENSP00000301019	0	0	0	0	0.605	0.851	0.400	0.737	0.989
CCNA2	CDC25A	9606.ENSP00000481380	9606.ENSP00000303706	0	0	0	0	0.515	0.079	0.500	0.741	0.934
CCNA2	FEN1	9606.ENSP00000481380	9606.ENSP00000305480	0	0	0	0	0.777	0.328	0	0.437	0.908
CCNA2	MCM7	9606.ENSP00000481380	9606.ENSP00000307288	0	0.021	0	0	0.704	0	0.400	0.728	0.947
CCNA2	CDC25C	9606.ENSP00000481380	9606.ENSP00000321656	0	0	0	0	0.688	0	0.500	0.741	0.956
CCNA2	CDKN3	9606.ENSP00000481380	9606.ENSP00000335357	0	0	0	0	0.816	0	0	0.725	0.947
CCNA2	CENPA	9606.ENSP00000481380	9606.ENSP00000336868	0	0	0	0	0.982	0	0	0.482	0.990
CCNA2	FOXM1	9606.ENSP00000481380	9606.ENSP00000342307	0	0	0	0	0.725	0	0.500	0.901	0.985
CCNA2	E2F1	9606.ENSP00000481380	9606.ENSP00000345571	0	0	0	0	0.244	0.813	0.900	0.989	0.999
CCNA2	UBE2C	9606.ENSP00000481380	9606.ENSP00000348838	0	0	0	0	0.926	0.081	0.500	0.858	0.994
CCNA2	RRM2	9606.ENSP00000481380	9606.ENSP00000353770	0	0	0	0	0.842	0	0	0.628	0.939
CCNA2	CENPF	9606.ENSP00000481380	9606.ENSP00000355922	0	0	0	0	0.832	0	0	0.680	0.944
CCNA2	NEK2	9606.ENSP00000481380	9606.ENSP00000355966	0	0	0	0	0.829	0	0	0.681	0.943
CCNA2	MKI67	9606.ENSP00000481380	9606.ENSP00000357643	0	0	0	0	0.829	0	0	0.606	0.930
CCNA2	CEP55	9606.ENSP00000481380	9606.ENSP00000360540	0	0	0	0	0.822	0	0	0.586	0.923
CCNA2	ORC1	9606.ENSP00000481380	9606.ENSP00000360623	0	0	0	0	0.620	0.769	0.400	0.626	0.977
CCNA2	CDC20	9606.ENSP00000481380	9606.ENSP00000361540	0	0	0	0	0.897	0.999	0.500	0.970	0.999
CCNA2	RBL1	9606.ENSP00000481380	9606.ENSP00000362768	0	0	0	0	0.202	0.852	0.500	0.307	0.953
CCNA2	CKS2	9606.ENSP00000481380	9606.ENSP00000364976	0	0	0	0	0.518	0.850	0	0.872	0.990
CCNA2	PCNA	9606.ENSP00000481380	9606.ENSP00000368458	0	0	0	0	0.447	0.794	0	0.398	0.925
CCNA2	PTTG1	9606.ENSP00000481380	9606.ENSP00000377536	0	0	0	0	0.808	0	0	0.672	0.934
CCNA2	KIF20A	9606.ENSP00000481380	9606.ENSP00000378356	0	0	0	0	0.920	0	0	0.689	0.974
CCNA2	CDK1	9606.ENSP00000481380	9606.ENSP00000378699	0	0.007	0	0	0.993	0.939	0.900	0.998	0.999
CCNA2	CHEK1	9606.ENSP00000481380	9606.ENSP00000391090	0	0	0	0	0.790	0	0	0.721	0.939
CCNA2	TOP2A	9606.ENSP00000481380	9606.ENSP00000411532	0	0	0	0	0.869	0	0	0.868	0.982
CCNA2	MCM10	9606.ENSP00000481380	9606.ENSP00000418268	0	0	0	0	0.850	0	0	0.679	0.949
CCNA2	PBK	9606.ENSP00000481380	9606.ENSP00000428489	0	0	0	0	0.868	0.046	0	0.585	0.943
CCNB1	CDC6	9606.ENSP00000256442	9606.ENSP00000209728	0	0	0	0	0.527	0.574	0	0.686	0.931
CCNB1	RRM2	9606.ENSP00000256442	9606.ENSP00000353770	0	0	0	0	0.653	0	0	0.739	0.905
CCNB1	NEK2	9606.ENSP00000256442	9606.ENSP00000355966	0	0	0	0	0.782	0	0	0.606	0.910
CCNB1	KIF15	9606.ENSP00000256442	9606.ENSP00000324020	0	0	0	0	0.812	0.062	0	0.565	0.916
CCNB1	CHEK1	9606.ENSP00000256442	9606.ENSP00000391090	0	0	0	0	0.449	0.069	0	0.885	0.935
CCNB1	CEP55	9606.ENSP00000256442	9606.ENSP00000360540	0	0	0	0	0.814	0	0	0.693	0.940
CCNB1	CDKN3	9606.ENSP00000256442	9606.ENSP00000335357	0	0	0	0	0.812	0.175	0	0.650	0.941
CCNB1	CENPA	9606.ENSP00000256442	9606.ENSP00000336868	0	0	0	0	0.826	0.047	0.400	0.584	0.953
CCNB1	KIF20A	9606.ENSP00000256442	9606.ENSP00000378356	0	0	0	0	0.843	0	0	0.722	0.954
CCNB1	PBK	9606.ENSP00000256442	9606.ENSP00000428489	0	0	0	0	0.858	0.098	0	0.729	0.962
CCNB1	CENPE	9606.ENSP00000256442	9606.ENSP00000265148	0	0	0	0	0.809	0.051	0.400	0.733	0.967
CCNB1	H2AX	9606.ENSP00000256442	9606.ENSP00000434024	0	0	0	0	0.210	0.051	0.400	0.949	0.974
CCNB1	NDC80	9606.ENSP00000256442	9606.ENSP00000261597	0	0	0	0	0.851	0.226	0.720	0.492	0.981
CCNB1	PTTG1	9606.ENSP00000256442	9606.ENSP00000377536	0	0	0	0	0.854	0	0	0.899	0.984
CCNB1	CENPF	9606.ENSP00000256442	9606.ENSP00000355922	0	0	0	0	0.832	0	0.720	0.773	0.988
CCNB1	FOXM1	9606.ENSP00000256442	9606.ENSP00000342307	0	0	0	0	0.683	0.535	0.500	0.863	0.988
CCNB1	MAD2L1	9606.ENSP00000256442	9606.ENSP00000296509	0	0	0	0	0.812	0.127	0.400	0.899	0.988
CCNB1	TOP2A	9606.ENSP00000256442	9606.ENSP00000411532	0	0	0	0	0.859	0.052	0	0.925	0.989
CCNB1	UBE2C	9606.ENSP00000256442	9606.ENSP00000348838	0	0	0	0	0.859	0.072	0.500	0.877	0.990
CCNB1	CDC25C	9606.ENSP00000256442	9606.ENSP00000321656	0	0	0	0	0.508	0.345	0.500	0.951	0.991
CCNB1	CDC25A	9606.ENSP00000256442	9606.ENSP00000303706	0	0	0	0	0.399	0.659	0.900	0.804	0.995
CCNB1	CKS2	9606.ENSP00000256442	9606.ENSP00000364976	0	0	0	0	0.688	0.978	0	0.922	0.999
CCNB1	CDC20	9606.ENSP00000256442	9606.ENSP00000361540	0	0	0	0	0.910	0.989	0.900	0.970	0.999
CCNB1	PLK1	9606.ENSP00000256442	9606.ENSP00000300093	0	0	0	0	0.781	0.588	0.900	0.982	0.999
CCNB1	CDK1	9606.ENSP00000256442	9606.ENSP00000378699	0	0	0	0	0.895	0.999	0.900	0.999	0.999
CCNE1	CDC6	9606.ENSP00000262643	9606.ENSP00000209728	0	0	0	0	0.510	0.292	0.400	0.587	0.902
CCNE1	E2F1	9606.ENSP00000262643	9606.ENSP00000345571	0	0	0	0	0.202	0.401	0.500	0.788	0.942
CCNE1	RBL1	9606.ENSP00000262643	9606.ENSP00000362768	0	0	0	0	0.129	0.400	0.900	0.446	0.967
CCNE1	CDK1	9606.ENSP00000262643	9606.ENSP00000378699	0	0	0	0	0.193	0.812	0	0.834	0.972
CCNE1	CDC25A	9606.ENSP00000262643	9606.ENSP00000303706	0	0	0	0	0.401	0.646	0.900	0.657	0.991
CCT3	CDC20	9606.ENSP00000295688	9606.ENSP00000361540	0	0	0	0	0.120	0.994	0	0.230	0.995
CDC20	TRIP13	9606.ENSP00000361540	9606.ENSP00000166345	0	0	0	0	0.810	0.944	0	0.734	0.996
CDC20	CDC6	9606.ENSP00000361540	9606.ENSP00000209728	0	0	0	0	0.542	0.402	0	0.735	0.921
CDC20	NDC80	9606.ENSP00000361540	9606.ENSP00000261597	0	0	0	0	0.825	0	0.500	0.609	0.962
CDC20	KIF18A	9606.ENSP00000361540	9606.ENSP00000263181	0	0	0	0	0.401	0.314	0.800	0.414	0.945
CDC20	UBE2S	9606.ENSP00000361540	9606.ENSP00000264552	0	0	0	0	0.331	0.994	0.540	0.754	0.999
CDC20	CENPE	9606.ENSP00000361540	9606.ENSP00000265148	0	0	0	0	0.645	0.049	0.800	0.864	0.989
CDC20	MAD2L1	9606.ENSP00000361540	9606.ENSP00000296509	0	0	0	0	0.632	0.999	0.900	0.981	0.999
CDC20	PLK1	9606.ENSP00000361540	9606.ENSP00000300093	0	0	0	0	0.951	0.994	0.800	0.910	0.999
CDC20	CDT1	9606.ENSP00000361540	9606.ENSP00000301019	0	0	0	0	0.766	0.402	0	0.482	0.921
CDC20	CDC25C	9606.ENSP00000361540	9606.ENSP00000321656	0	0	0	0	0.569	0.119	0	0.757	0.900
CDC20	CENPA	9606.ENSP00000361540	9606.ENSP00000336868	0	0	0	0	0.835	0.091	0.800	0.603	0.986
CDC20	FOXM1	9606.ENSP00000361540	9606.ENSP00000342307	0	0	0	0	0.783	0.071	0	0.714	0.937
CDC20	UBE2C	9606.ENSP00000361540	9606.ENSP00000348838	0	0	0	0	0.951	0.957	0.540	0.891	0.999
CDC20	SGO2	9606.ENSP00000361540	9606.ENSP00000350447	0	0	0	0	0.239	0	0.800	0.626	0.938
CDC20	RRM2	9606.ENSP00000361540	9606.ENSP00000353770	0	0	0	0	0.770	0.049	0	0.609	0.907
CDC20	CENPF	9606.ENSP00000361540	9606.ENSP00000355922	0	0	0	0	0.777	0	0.800	0.801	0.990
CDC20	NEK2	9606.ENSP00000361540	9606.ENSP00000355966	0	0	0	0	0.833	0.994	0.500	0.667	0.999
CDC20	MKI67	9606.ENSP00000361540	9606.ENSP00000357643	0	0	0	0	0.815	0.292	0	0.540	0.934
CDC20	CEP55	9606.ENSP00000361540	9606.ENSP00000360540	0	0	0	0	0.825	0	0	0.728	0.950
CDC20	PBK	9606.ENSP00000361540	9606.ENSP00000428489	0	0	0	0	0.882	0.067	0	0.661	0.959
CDC20	CKS2	9606.ENSP00000361540	9606.ENSP00000364976	0	0	0	0	0.520	0.453	0	0.899	0.971
CDC20	TOP2A	9606.ENSP00000361540	9606.ENSP00000411532	0	0	0	0	0.908	0	0	0.797	0.980
CDC20	KIF20A	9606.ENSP00000361540	9606.ENSP00000378356	0	0	0	0	0.920	0	0	0.781	0.981
CDC20	PTTG1	9606.ENSP00000361540	9606.ENSP00000377536	0	0	0	0	0.889	0.923	0.650	0.969	0.999
CDC20	CDK1	9606.ENSP00000361540	9606.ENSP00000378699	0	0	0	0	0.903	0.769	0.500	0.984	0.999
CDC25A	PLK1	9606.ENSP00000303706	9606.ENSP00000300093	0	0	0	0	0.318	0.139	0.900	0.637	0.975
CDC25A	E2F1	9606.ENSP00000303706	9606.ENSP00000345571	0	0	0	0	0.284	0	0.500	0.762	0.907
CDC25A	FOXM1	9606.ENSP00000303706	9606.ENSP00000342307	0	0	0	0	0.396	0.314	0.750	0.459	0.936
CDC25A	CDC25C	9606.ENSP00000303706	9606.ENSP00000321656	0	0	0.112	0.820	0.337	0	0.900	0.424	0.961
CDC25A	CDK1	9606.ENSP00000303706	9606.ENSP00000378699	0	0	0	0	0.410	0.326	0.900	0.858	0.993
CDC25A	CHEK1	9606.ENSP00000303706	9606.ENSP00000391090	0	0	0	0	0.473	0.903	0.900	0.944	0.999
CDC25C	PLK1	9606.ENSP00000321656	9606.ENSP00000300093	0	0	0	0	0.646	0.850	0.900	0.951	0.999
CDC25C	CHEK1	9606.ENSP00000321656	9606.ENSP00000391090	0	0	0	0	0.347	0.944	0.900	0.938	0.999
CDC25C	CDK1	9606.ENSP00000321656	9606.ENSP00000378699	0	0	0	0	0.775	0.714	0.900	0.975	0.999
CDC6	CDKN2A	9606.ENSP00000209728	9606.ENSP00000418915	0	0	0	0	0.049	0.689	0	0.759	0.922
CDC6	RRM2	9606.ENSP00000209728	9606.ENSP00000353770	0	0	0	0	0.745	0	0	0.734	0.929
CDC6	CHEK1	9606.ENSP00000209728	9606.ENSP00000391090	0	0	0	0	0.524	0.186	0.500	0.734	0.941
CDC6	CDK1	9606.ENSP00000209728	9606.ENSP00000378699	0	0	0	0	0.550	0.732	0	0.717	0.963
CDC6	EXO1	9606.ENSP00000209728	9606.ENSP00000355506	0	0	0	0	0.929	0	0	0.538	0.966
CDC6	E2F1	9606.ENSP00000209728	9606.ENSP00000345571	0	0	0	0	0.280	0.465	0.500	0.895	0.977
CDC6	MCM8	9606.ENSP00000209728	9606.ENSP00000368164	0	0	0	0	0.484	0.724	0.900	0.568	0.993
CDC6	MCM10	9606.ENSP00000209728	9606.ENSP00000418268	0	0	0	0	0.911	0.689	0.500	0.921	0.998
CDC6	MCM5	9606.ENSP00000209728	9606.ENSP00000216122	0	0	0	0	0.730	0.973	0.500	0.923	0.999
CDC6	MCM4	9606.ENSP00000209728	9606.ENSP00000262105	0	0	0	0	0.803	0.964	0.500	0.954	0.999
CDC6	ORC1	9606.ENSP00000209728	9606.ENSP00000360623	0	0	0	0.684	0.892	0.997	0.900	0.690	0.999
CDC6	MCM7	9606.ENSP00000209728	9606.ENSP00000307288	0	0	0	0	0.747	0.997	0.500	0.981	0.999
CDC6	MCM3	9606.ENSP00000209728	9606.ENSP00000480987	0	0	0	0	0.696	0.991	0.500	0.993	0.999
CDC6	MCM6	9606.ENSP00000209728	9606.ENSP00000264156	0	0	0	0	0.777	0.981	0.500	0.877	0.999
CDC6	MCM2	9606.ENSP00000209728	9606.ENSP00000265056	0	0	0	0	0.785	0.990	0.500	0.844	0.999
CDC6	CDT1	9606.ENSP00000209728	9606.ENSP00000301019	0	0	0	0	0.880	0.993	0.800	0.998	0.999
CDK1	NDC80	9606.ENSP00000378699	9606.ENSP00000261597	0	0	0	0	0.862	0	0.400	0.524	0.957
CDK1	CENPE	9606.ENSP00000378699	9606.ENSP00000265148	0	0	0	0	0.835	0.097	0.400	0.741	0.973
CDK1	MAD2L1	9606.ENSP00000378699	9606.ENSP00000296509	0	0	0	0	0.857	0.113	0.500	0.896	0.992
CDK1	PLK1	9606.ENSP00000378699	9606.ENSP00000300093	0	0	0	0.624	0.814	0.150	0.900	0.660	0.993
CDK1	CDT1	9606.ENSP00000378699	9606.ENSP00000301019	0	0	0	0	0.493	0.837	0	0.634	0.967
CDK1	EZH2	9606.ENSP00000378699	9606.ENSP00000320147	0	0	0	0	0.371	0.823	0	0.716	0.965
CDK1	CDKN3	9606.ENSP00000378699	9606.ENSP00000335357	0	0	0	0	0.828	0.706	0	0.688	0.982
CDK1	CENPA	9606.ENSP00000378699	9606.ENSP00000336868	0	0	0	0	0.961	0.071	0.400	0.592	0.989
CDK1	FOXM1	9606.ENSP00000378699	9606.ENSP00000342307	0	0	0	0	0.661	0.558	0.500	0.896	0.991
CDK1	E2F1	9606.ENSP00000378699	9606.ENSP00000345571	0	0	0	0	0.234	0.328	0.500	0.688	0.909
CDK1	UBE2C	9606.ENSP00000378699	9606.ENSP00000348838	0	0	0	0	0.860	0.091	0.500	0.758	0.982
CDK1	RRM2	9606.ENSP00000378699	9606.ENSP00000353770	0	0	0	0	0.819	0.292	0	0.808	0.973
CDK1	EXO1	9606.ENSP00000378699	9606.ENSP00000355506	0	0	0	0	0.814	0.339	0	0.693	0.959
CDK1	CENPF	9606.ENSP00000378699	9606.ENSP00000355922	0	0	0	0	0.825	0.292	0.400	0.745	0.978
CDK1	NEK2	9606.ENSP00000378699	9606.ENSP00000355966	0	0	0.130	0.733	0.832	0	0	0.493	0.919
CDK1	MKI67	9606.ENSP00000378699	9606.ENSP00000357643	0	0	0	0	0.811	0.338	0	0.551	0.939
CDK1	CEP55	9606.ENSP00000378699	9606.ENSP00000360540	0	0	0	0	0.829	0	0	0.759	0.957
CDK1	CKS2	9606.ENSP00000378699	9606.ENSP00000364976	0	0	0	0	0.689	0.992	0	0.967	0.999
CDK1	PCNA	9606.ENSP00000378699	9606.ENSP00000368458	0	0	0	0	0.605	0.600	0	0.595	0.930
CDK1	PTTG1	9606.ENSP00000378699	9606.ENSP00000377536	0	0	0	0	0.856	0	0	0.902	0.985
CDK1	KIF20A	9606.ENSP00000378699	9606.ENSP00000378356	0	0	0	0	0.849	0	0	0.737	0.958
CDK1	CHEK1	9606.ENSP00000378699	9606.ENSP00000391090	0	0	0	0.638	0.786	0.361	0	0.403	0.911
CDK1	PBK	9606.ENSP00000378699	9606.ENSP00000428489	0	0	0	0	0.905	0.334	0	0.831	0.988
CDK1	TOP2A	9606.ENSP00000378699	9606.ENSP00000411532	0	0	0	0	0.960	0.053	0	0.943	0.997
CDKN2A	E2F1	9606.ENSP00000418915	9606.ENSP00000345571	0	0	0	0	0.067	0.621	0	0.921	0.969
CDT1	MCM5	9606.ENSP00000301019	9606.ENSP00000216122	0	0	0	0	0.935	0.965	0.500	0.917	0.999
CDT1	MCM4	9606.ENSP00000301019	9606.ENSP00000262105	0	0	0	0	0.918	0.974	0.500	0.930	0.999
CDT1	MCM6	9606.ENSP00000301019	9606.ENSP00000264156	0	0	0	0	0.904	0.992	0.500	0.985	0.999
CDT1	MCM2	9606.ENSP00000301019	9606.ENSP00000265056	0	0	0	0	0.911	0.919	0.500	0.819	0.999
CDT1	CHEK1	9606.ENSP00000301019	9606.ENSP00000391090	0	0	0	0	0.654	0	0	0.818	0.934
CDT1	MCM8	9606.ENSP00000301019	9606.ENSP00000368164	0	0	0	0	0.583	0.620	0.500	0.721	0.975
CDT1	PCNA	9606.ENSP00000301019	9606.ENSP00000368458	0	0	0	0	0.508	0.988	0	0.268	0.995
CDT1	MCM10	9606.ENSP00000301019	9606.ENSP00000418268	0	0	0	0	0.889	0.136	0.500	0.945	0.997
CDT1	ORC1	9606.ENSP00000301019	9606.ENSP00000360623	0	0	0	0	0.901	0.997	0.500	0.692	0.999
CDT1	MCM7	9606.ENSP00000301019	9606.ENSP00000307288	0	0	0	0	0.884	0.971	0.500	0.981	0.999
CDT1	MCM3	9606.ENSP00000301019	9606.ENSP00000480987	0	0	0	0	0.869	0.964	0.500	0.935	0.999
CENPA	NDC80	9606.ENSP00000336868	9606.ENSP00000261597	0	0	0	0	0.680	0.095	0	0.737	0.917
CENPA	CENPE	9606.ENSP00000336868	9606.ENSP00000265148	0	0	0	0	0.792	0.052	0	0.967	0.993
CENPA	CENPH	9606.ENSP00000336868	9606.ENSP00000283006	0	0	0	0	0.286	0.903	0.500	0.989	0.999
CENPA	PLK1	9606.ENSP00000336868	9606.ENSP00000300093	0	0	0	0	0.648	0.107	0.800	0.837	0.988
CENPA	KIF20A	9606.ENSP00000336868	9606.ENSP00000378356	0	0	0	0	0.828	0	0	0.514	0.913
CENPA	TOP2A	9606.ENSP00000336868	9606.ENSP00000411532	0	0	0	0	0.810	0.145	0	0.545	0.919
CENPA	CEP55	9606.ENSP00000336868	9606.ENSP00000360540	0	0	0	0	0.803	0	0	0.613	0.920
CENPA	PBK	9606.ENSP00000336868	9606.ENSP00000428489	0	0	0	0	0.821	0.095	0	0.577	0.925
CENPA	UBE2C	9606.ENSP00000336868	9606.ENSP00000348838	0	0	0	0	0.845	0.095	0	0.594	0.938
CENPA	CENPF	9606.ENSP00000336868	9606.ENSP00000355922	0	0	0	0	0.656	0	0	0.903	0.965
CENPE	NDC80	9606.ENSP00000265148	9606.ENSP00000261597	0	0	0	0	0.836	0.289	0	0.835	0.979
CENPE	KIF18A	9606.ENSP00000265148	9606.ENSP00000263181	0	0	0	0.639	0.833	0.079	0.800	0.571	0.985
CENPE	CENPH	9606.ENSP00000265148	9606.ENSP00000283006	0	0	0	0	0.339	0.096	0	0.855	0.906
CENPE	MKI67	9606.ENSP00000265148	9606.ENSP00000357643	0	0	0	0	0.876	0.095	0	0.356	0.921
CENPE	TOP2A	9606.ENSP00000265148	9606.ENSP00000411532	0	0	0	0	0.855	0	0	0.512	0.926
CENPE	KIF15	9606.ENSP00000265148	9606.ENSP00000324020	0	0	0	0.605	0.855	0	0.400	0.288	0.932
CENPE	CEP55	9606.ENSP00000265148	9606.ENSP00000360540	0	0	0	0	0.838	0	0	0.621	0.936
CENPE	MAD2L1	9606.ENSP00000265148	9606.ENSP00000296509	0	0	0	0	0.450	0.222	0.500	0.762	0.942
CENPE	KIF20A	9606.ENSP00000265148	9606.ENSP00000378356	0	0	0	0.575	0.852	0.292	0.400	0.541	0.967
CENPE	PLK1	9606.ENSP00000265148	9606.ENSP00000300093	0	0	0	0	0.506	0.066	0.800	0.787	0.977
CENPE	CENPF	9606.ENSP00000265148	9606.ENSP00000355922	0	0	0	0	0.926	0.230	0	0.986	0.999
CENPF	NDC80	9606.ENSP00000355922	9606.ENSP00000261597	0	0	0	0	0.853	0	0.720	0.727	0.987
CENPF	MAD2L1	9606.ENSP00000355922	9606.ENSP00000296509	0	0	0	0	0.657	0	0.500	0.544	0.915
CENPF	PLK1	9606.ENSP00000355922	9606.ENSP00000300093	0	0	0	0	0.508	0	0.800	0.748	0.973
CENPF	KIF15	9606.ENSP00000355922	9606.ENSP00000324020	0	0	0	0	0.898	0	0	0.615	0.959
CENPF	FOXM1	9606.ENSP00000355922	9606.ENSP00000342307	0	0	0	0	0.747	0	0.750	0.845	0.989
CENPF	UBE2C	9606.ENSP00000355922	9606.ENSP00000348838	0	0	0	0	0.769	0	0	0.753	0.940
CENPF	EXO1	9606.ENSP00000355922	9606.ENSP00000355506	0	0	0	0	0.788	0	0	0.549	0.900
CENPF	PBK	9606.ENSP00000355922	9606.ENSP00000428489	0	0	0	0	0.836	0	0	0.704	0.949
CENPF	CEP55	9606.ENSP00000355922	9606.ENSP00000360540	0	0	0	0	0.847	0	0	0.745	0.959
CENPF	KIF14	9606.ENSP00000355922	9606.ENSP00000356319	0	0	0	0	0.829	0.292	0	0.692	0.959
CENPF	KIF20A	9606.ENSP00000355922	9606.ENSP00000378356	0	0	0	0	0.899	0	0	0.627	0.960
CENPF	NEK2	9606.ENSP00000355922	9606.ENSP00000355966	0	0	0	0	0.882	0	0	0.759	0.970
CENPF	TOP2A	9606.ENSP00000355922	9606.ENSP00000411532	0	0	0	0	0.876	0	0	0.804	0.974
CENPF	MKI67	9606.ENSP00000355922	9606.ENSP00000357643	0	0	0	0	0.902	0.292	0	0.727	0.979
CEP55	NDC80	9606.ENSP00000360540	9606.ENSP00000261597	0	0	0	0	0.840	0.126	0	0.432	0.914
CEP55	UBE2C	9606.ENSP00000360540	9606.ENSP00000348838	0	0	0	0	0.810	0	0	0.691	0.938
CEP55	RRM2	9606.ENSP00000360540	9606.ENSP00000353770	0	0	0	0	0.801	0	0	0.739	0.945
CEP55	NEK2	9606.ENSP00000360540	9606.ENSP00000355966	0	0	0	0	0.816	0	0	0.541	0.912
CEP55	KIF14	9606.ENSP00000360540	9606.ENSP00000356319	0	0	0	0	0.800	0.292	0	0.630	0.943
CEP55	MKI67	9606.ENSP00000360540	9606.ENSP00000357643	0	0	0	0	0.825	0	0	0.473	0.904
CEP55	TOP2A	9606.ENSP00000360540	9606.ENSP00000411532	0	0	0	0	0.829	0	0	0.596	0.928
CEP55	PBK	9606.ENSP00000360540	9606.ENSP00000428489	0	0	0	0	0.842	0	0	0.740	0.957
CEP55	KIF20A	9606.ENSP00000360540	9606.ENSP00000378356	0	0	0	0	0.833	0.053	0	0.782	0.962
CHEK1	MCM4	9606.ENSP00000391090	9606.ENSP00000262105	0	0	0	0	0.705	0.615	0.500	0.666	0.978
CHEK1	MCM6	9606.ENSP00000391090	9606.ENSP00000264156	0	0	0	0	0.455	0.292	0.500	0.549	0.901
CHEK1	FANCD2	9606.ENSP00000391090	9606.ENSP00000287647	0	0	0	0	0.283	0.464	0.400	0.840	0.958
CHEK1	MAD2L1	9606.ENSP00000391090	9606.ENSP00000296509	0	0	0	0	0.785	0.088	0	0.658	0.927
CHEK1	MCM7	9606.ENSP00000391090	9606.ENSP00000307288	0	0	0	0	0.370	0.326	0.500	0.610	0.906
CHEK1	EXO1	9606.ENSP00000391090	9606.ENSP00000355506	0	0	0	0	0.645	0.157	0.500	0.845	0.973
CHEK1	RFC4	9606.ENSP00000391090	9606.ENSP00000376272	0	0	0	0	0.453	0.087	0.500	0.797	0.942
CHEK1	MCM3	9606.ENSP00000391090	9606.ENSP00000480987	0	0	0	0	0.406	0.292	0.500	0.793	0.950
CHEK1	MCM10	9606.ENSP00000391090	9606.ENSP00000418268	0	0	0	0	0.776	0	0.500	0.746	0.969
CHEK1	RAD51	9606.ENSP00000391090	9606.ENSP00000493712	0	0	0	0	0.573	0.553	0.750	0.973	0.998
DNA2	FEN1	9606.ENSP00000351185	9606.ENSP00000305480	0	0	0	0	0.224	0.838	0	0.974	0.996
DNA2	PIF1	9606.ENSP00000351185	9606.ENSP00000328174	0	0	0	0	0.067	0.767	0	0.841	0.962
DNA2	POLD1	9606.ENSP00000351185	9606.ENSP00000472445	0	0	0	0	0.214	0.138	0.500	0.749	0.903
DNA2	RECQL4	9606.ENSP00000351185	9606.ENSP00000482313	0	0	0	0	0.328	0.427	0	0.813	0.921
DNA2	RAD51	9606.ENSP00000351185	9606.ENSP00000493712	0	0	0.333	0	0.209	0.224	0.500	0.916	0.979
DNA2	EXO1	9606.ENSP00000351185	9606.ENSP00000355506	0	0	0	0	0.505	0.588	0.500	0.987	0.998
DNMT1	DNMT3A	9606.ENSP00000352516	9606.ENSP00000264709	0	0	0	0	0.069	0.633	0.900	0.995	0.999
DNMT1	EZH2	9606.ENSP00000352516	9606.ENSP00000320147	0	0	0	0	0.253	0.826	0.500	0.997	0.999
DNMT1	DNMT3B	9606.ENSP00000352516	9606.ENSP00000328547	0	0	0	0	0.095	0.837	0.900	0.999	0.999
DNMT1	E2F1	9606.ENSP00000352516	9606.ENSP00000345571	0	0	0	0	0.180	0.287	0	0.944	0.964
DNMT1	PCNA	9606.ENSP00000352516	9606.ENSP00000368458	0	0	0	0	0.377	0.986	0	0.051	0.991
DNMT1	EHMT2	9606.ENSP00000352516	9606.ENSP00000379078	0	0	0	0	0.101	0.630	0	0.995	0.998
DNMT1	UHRF1	9606.ENSP00000352516	9606.ENSP00000479617	0	0	0.325	0	0.252	0.927	0.900	0.998	0.999
DNMT3A	UHRF1	9606.ENSP00000264709	9606.ENSP00000479617	0	0	0	0	0.060	0.655	0	0.908	0.967
DNMT3A	EHMT2	9606.ENSP00000264709	9606.ENSP00000379078	0	0	0	0	0.075	0.305	0	0.991	0.993
DNMT3A	DNMT3B	9606.ENSP00000264709	9606.ENSP00000328547	0	0	0.069	0.937	0.093	0.876	0.900	0.859	0.998
DNMT3A	EZH2	9606.ENSP00000264709	9606.ENSP00000320147	0	0	0	0	0.078	0.519	0.500	0.998	0.999
DNMT3B	EZH2	9606.ENSP00000328547	9606.ENSP00000320147	0	0	0	0	0.169	0.790	0.500	0.997	0.999
DNMT3B	EHMT2	9606.ENSP00000328547	9606.ENSP00000379078	0	0	0	0	0.049	0.301	0	0.908	0.933
DNMT3B	HELLS	9606.ENSP00000328547	9606.ENSP00000377601	0	0	0	0	0.164	0.314	0	0.912	0.945
DNMT3B	UHRF1	9606.ENSP00000328547	9606.ENSP00000479617	0	0	0	0	0.258	0.564	0	0.959	0.985
DTYMK	RRM2	9606.ENSP00000304802	9606.ENSP00000353770	0	0	0	0	0.306	0	0.900	0.382	0.953
DTYMK	NME1	9606.ENSP00000304802	9606.ENSP00000337060	0.057	0	0	0	0.223	0	0.925	0.335	0.958
DTYMK	TK1	9606.ENSP00000304802	9606.ENSP00000468425	0.116	0	0	0	0.421	0	0.792	0.765	0.971
DTYMK	TYMS	9606.ENSP00000304802	9606.ENSP00000315644	0.120	0	0	0	0.334	0	0.978	0.820	0.997
E2F1	EZH2	9606.ENSP00000345571	9606.ENSP00000320147	0	0	0	0	0.169	0.304	0.500	0.744	0.916
E2F1	RBL1	9606.ENSP00000345571	9606.ENSP00000362768	0	0	0	0	0.131	0.922	0.900	0.342	0.994
E2F5	RBL1	9606.ENSP00000398124	9606.ENSP00000362768	0	0	0	0	0.114	0.956	0.900	0.615	0.998
EHMT2	EZH2	9606.ENSP00000379078	9606.ENSP00000320147	0	0	0	0.562	0.057	0.225	0	0.940	0.953
EHMT2	UHRF1	9606.ENSP00000379078	9606.ENSP00000479617	0	0	0	0	0.049	0.722	0	0.990	0.997
EME1	EXO1	9606.ENSP00000376952	9606.ENSP00000355506	0	0	0	0	0.359	0.140	0.500	0.729	0.915
EME1	EME2	9606.ENSP00000376952	9606.ENSP00000457353	0	0	0.098	0.782	0.049	0	0.900	0.853	0.985
EXO1	MSH2	9606.ENSP00000355506	9606.ENSP00000233146	0	0	0	0	0.294	0.956	0.500	0.995	0.999
EXO1	LIG1	9606.ENSP00000355506	9606.ENSP00000263274	0.044	0	0	0	0.449	0.125	0	0.854	0.923
EXO1	FEN1	9606.ENSP00000355506	9606.ENSP00000305480	0	0	0	0.644	0.498	0.590	0	0.559	0.901
EXO1	ORC1	9606.ENSP00000355506	9606.ENSP00000360623	0.091	0	0	0	0.908	0	0	0.250	0.932
EXO1	POLD1	9606.ENSP00000355506	9606.ENSP00000472445	0	0	0	0	0.397	0.351	0.400	0.814	0.950
EXO1	MCM10	9606.ENSP00000355506	9606.ENSP00000418268	0	0	0	0	0.874	0	0	0.653	0.954
EXO1	RFC4	9606.ENSP00000355506	9606.ENSP00000376272	0	0	0	0	0.466	0.129	0.500	0.830	0.955
EXO1	PCNA	9606.ENSP00000355506	9606.ENSP00000368458	0.042	0	0	0	0.490	0.814	0.500	0.269	0.960
EXO1	RECQL4	9606.ENSP00000355506	9606.ENSP00000482313	0.050	0	0	0	0.666	0.763	0	0.782	0.981
EXO1	RAD51	9606.ENSP00000355506	9606.ENSP00000493712	0.057	0	0	0	0.812	0.559	0.500	0.954	0.997
FAAP24	FANCD2	9606.ENSP00000466121	9606.ENSP00000287647	0	0	0	0	0.074	0	0.900	0.930	0.992
FAAP24	FANCA	9606.ENSP00000466121	9606.ENSP00000373952	0	0	0	0	0.075	0.994	0.900	0.997	0.999
FANCA	FANCD2	9606.ENSP00000373952	9606.ENSP00000287647	0	0	0	0	0.218	0.912	0.900	0.987	0.999
FANCA	RAD51	9606.ENSP00000373952	9606.ENSP00000493712	0	0	0	0	0.330	0.162	0	0.895	0.936
FANCD2	MSH2	9606.ENSP00000287647	9606.ENSP00000233146	0	0	0	0	0.178	0.467	0.540	0.813	0.957
FANCD2	XRCC3	9606.ENSP00000287647	9606.ENSP00000451974	0	0	0	0	0.075	0.096	0	0.919	0.926
FANCD2	RAD51	9606.ENSP00000287647	9606.ENSP00000493712	0	0	0	0	0.305	0.647	0	0.992	0.998
FEN1	MCM5	9606.ENSP00000305480	9606.ENSP00000216122	0	0	0	0	0.874	0	0	0.556	0.942
FEN1	MSH2	9606.ENSP00000305480	9606.ENSP00000233146	0	0	0	0	0.297	0.677	0	0.791	0.948
FEN1	MCM4	9606.ENSP00000305480	9606.ENSP00000262105	0	0	0	0	0.847	0.070	0	0.623	0.941
FEN1	LIG1	9606.ENSP00000305480	9606.ENSP00000263274	0.044	0	0	0	0.532	0.942	0.500	0.973	0.999
FEN1	MCM6	9606.ENSP00000305480	9606.ENSP00000264156	0	0	0	0	0.752	0.091	0	0.623	0.907
FEN1	MCM2	9606.ENSP00000305480	9606.ENSP00000265056	0	0	0	0	0.861	0.055	0	0.383	0.912
FEN1	MCM7	9606.ENSP00000305480	9606.ENSP00000307288	0	0	0	0	0.689	0	0	0.701	0.903
FEN1	RAD51	9606.ENSP00000305480	9606.ENSP00000493712	0.057	0	0	0	0.414	0.576	0	0.849	0.959
FEN1	RFC4	9606.ENSP00000305480	9606.ENSP00000376272	0	0	0	0	0.610	0.129	0.500	0.796	0.960
FEN1	MCM3	9606.ENSP00000305480	9606.ENSP00000480987	0	0	0	0	0.845	0	0	0.759	0.961
FEN1	RECQL4	9606.ENSP00000305480	9606.ENSP00000482313	0.050	0	0	0	0.249	0.469	0	0.955	0.981
FEN1	POLD1	9606.ENSP00000305480	9606.ENSP00000472445	0	0	0	0	0.469	0.941	0.500	0.856	0.997
FEN1	PCNA	9606.ENSP00000305480	9606.ENSP00000368458	0.042	0	0	0	0.776	0.999	0.500	0.505	0.999
FOXM1	PLK1	9606.ENSP00000342307	9606.ENSP00000300093	0	0	0	0	0.685	0.306	0.900	0.806	0.995
FOXM1	MKI67	9606.ENSP00000342307	9606.ENSP00000357643	0	0	0	0	0.836	0	0	0.473	0.910
FOXM1	TOP2A	9606.ENSP00000342307	9606.ENSP00000411532	0	0	0	0	0.665	0.292	0	0.718	0.927
FOXM1	KIF20A	9606.ENSP00000342307	9606.ENSP00000378356	0	0	0	0	0.802	0	0	0.731	0.944
H2AX	RAD51	9606.ENSP00000434024	9606.ENSP00000493712	0	0	0	0	0.138	0.822	0.500	0.921	0.993
ITGA6	LAMC1	9606.ENSP00000386896	9606.ENSP00000258341	0	0	0	0	0.083	0.903	0.650	0.425	0.979
KIF14	KIF18A	9606.ENSP00000356319	9606.ENSP00000263181	0	0	0	0.633	0.772	0	0.540	0.520	0.945
KIF14	KIF15	9606.ENSP00000356319	9606.ENSP00000324020	0	0	0	0.587	0.793	0	0.540	0.342	0.931
KIF14	TOP2A	9606.ENSP00000356319	9606.ENSP00000411532	0	0	0	0	0.786	0.292	0	0.557	0.927
KIF14	KIF20A	9606.ENSP00000356319	9606.ENSP00000378356	0	0	0	0.574	0.783	0.314	0.540	0.654	0.973
KIF15	NDC80	9606.ENSP00000324020	9606.ENSP00000261597	0	0	0	0	0.842	0.109	0	0.348	0.900
KIF15	KIF18A	9606.ENSP00000324020	9606.ENSP00000263181	0	0	0	0.636	0.786	0	0.540	0.467	0.943
KIF15	MKI67	9606.ENSP00000324020	9606.ENSP00000357643	0	0	0	0	0.850	0.292	0	0.434	0.935
KIF15	KIF20A	9606.ENSP00000324020	9606.ENSP00000378356	0	0	0	0.580	0.836	0	0.540	0.291	0.942
KIF15	TOP2A	9606.ENSP00000324020	9606.ENSP00000411532	0	0	0	0	0.896	0	0	0.590	0.955
KIF18A	KIF20A	9606.ENSP00000263181	9606.ENSP00000378356	0	0	0	0.569	0.694	0	0.540	0.490	0.922
KIF18A	MAD2L1	9606.ENSP00000263181	9606.ENSP00000296509	0	0	0	0	0.514	0.449	0.500	0.516	0.926
KIF18A	PLK1	9606.ENSP00000263181	9606.ENSP00000300093	0	0	0	0	0.435	0.066	0.800	0.389	0.927
KIF20A	TRIP13	9606.ENSP00000378356	9606.ENSP00000166345	0	0	0	0	0.787	0.292	0	0.471	0.913
KIF20A	MAD2L1	9606.ENSP00000378356	9606.ENSP00000296509	0	0	0	0	0.595	0.615	0	0.489	0.913
KIF20A	PLK1	9606.ENSP00000378356	9606.ENSP00000300093	0	0	0	0	0.769	0.127	0.750	0.830	0.990
KIF20A	UBE2C	9606.ENSP00000378356	9606.ENSP00000348838	0	0	0	0	0.862	0	0	0.728	0.961
KIF20A	RRM2	9606.ENSP00000378356	9606.ENSP00000353770	0	0	0	0	0.814	0	0	0.665	0.935
KIF20A	NEK2	9606.ENSP00000378356	9606.ENSP00000355966	0	0	0	0	0.847	0	0	0.677	0.948
KIF20A	MKI67	9606.ENSP00000378356	9606.ENSP00000357643	0	0	0	0	0.847	0.295	0	0.359	0.925
KIF20A	PTTG1	9606.ENSP00000378356	9606.ENSP00000377536	0	0	0	0	0.805	0	0	0.509	0.900
KIF20A	PBK	9606.ENSP00000378356	9606.ENSP00000428489	0	0	0	0	0.843	0.049	0	0.725	0.955
KIF20A	TOP2A	9606.ENSP00000378356	9606.ENSP00000411532	0	0	0	0	0.866	0.292	0	0.750	0.974
LIG1	MCM5	9606.ENSP00000263274	9606.ENSP00000216122	0	0	0	0	0.927	0	0	0.306	0.947
LIG1	RFC4	9606.ENSP00000263274	9606.ENSP00000376272	0	0	0	0	0.725	0.112	0.500	0.708	0.959
LIG1	POLD1	9606.ENSP00000263274	9606.ENSP00000472445	0	0	0	0	0.765	0.098	0.500	0.778	0.973
LIG1	UHRF1	9606.ENSP00000263274	9606.ENSP00000479617	0	0	0	0	0.363	0.971	0	0.371	0.987
LIG1	PCNA	9606.ENSP00000263274	9606.ENSP00000368458	0	0	0	0	0.489	0.997	0.500	0.431	0.999
LMNB1	LMNB2	9606.ENSP00000261366	9606.ENSP00000327054	0	0	0.047	0.959	0.219	0.829	0.900	0.964	0.999
MAD2L1	TRIP13	9606.ENSP00000296509	9606.ENSP00000166345	0	0	0	0	0.590	0.977	0	0.437	0.994
MAD2L1	NDC80	9606.ENSP00000296509	9606.ENSP00000261597	0	0	0	0	0.853	0.267	0.500	0.474	0.968
MAD2L1	TYMS	9606.ENSP00000296509	9606.ENSP00000315644	0	0	0	0	0.794	0	0	0.534	0.900
MAD2L1	UBE2C	9606.ENSP00000296509	9606.ENSP00000348838	0	0	0	0	0.615	0.321	0.500	0.520	0.929
MAD2L1	PLK1	9606.ENSP00000296509	9606.ENSP00000300093	0	0	0	0	0.542	0.294	0.500	0.635	0.933
MAD2L1	RFC4	9606.ENSP00000296509	9606.ENSP00000376272	0	0	0	0	0.848	0.069	0	0.658	0.947
MAD2L1	PBK	9606.ENSP00000296509	9606.ENSP00000428489	0	0	0	0	0.912	0.058	0	0.466	0.952
MAD2L1	NEK2	9606.ENSP00000296509	9606.ENSP00000355966	0	0	0	0	0.590	0.994	0.500	0.487	0.999
MCM10	MCM5	9606.ENSP00000418268	9606.ENSP00000216122	0	0	0	0	0.641	0.817	0.500	0.925	0.997
MCM10	MCM4	9606.ENSP00000418268	9606.ENSP00000262105	0	0	0	0	0.722	0.937	0.500	0.976	0.999
MCM10	MCM6	9606.ENSP00000418268	9606.ENSP00000264156	0	0	0	0	0.702	0.977	0.500	0.978	0.999
MCM10	MCM2	9606.ENSP00000418268	9606.ENSP00000265056	0	0	0	0	0.609	0.978	0.500	0.523	0.997
MCM10	MCM7	9606.ENSP00000418268	9606.ENSP00000307288	0	0	0	0	0.771	0.949	0.500	0.872	0.999
MCM10	ORC1	9606.ENSP00000418268	9606.ENSP00000360623	0	0	0	0	0.644	0.234	0.500	0.549	0.930
MCM10	MCM8	9606.ENSP00000418268	9606.ENSP00000368164	0	0	0	0	0.517	0.515	0.500	0.820	0.976
MCM10	RECQL4	9606.ENSP00000418268	9606.ENSP00000482313	0	0	0	0	0.479	0.526	0	0.961	0.989
MCM10	MCM3	9606.ENSP00000418268	9606.ENSP00000480987	0	0	0	0	0.474	0.951	0.500	0.939	0.999
MCM2	MCM5	9606.ENSP00000265056	9606.ENSP00000216122	0	0	0	0.771	0.991	0.998	0.900	0.606	0.999
MCM2	MCM4	9606.ENSP00000265056	9606.ENSP00000262105	0	0	0	0.742	0.991	0.997	0.900	0.714	0.999
MCM2	MCM6	9606.ENSP00000265056	9606.ENSP00000264156	0	0	0	0.743	0.991	0.998	0.900	0.582	0.999
MCM2	PCNA	9606.ENSP00000265056	9606.ENSP00000368458	0	0	0	0	0.874	0.326	0	0.348	0.939
MCM2	POLD1	9606.ENSP00000265056	9606.ENSP00000472445	0	0	0	0	0.898	0.341	0	0.435	0.959
MCM2	TONSL	9606.ENSP00000265056	9606.ENSP00000386239	0	0	0	0	0.235	0.954	0	0	0.964
MCM2	MCM8	9606.ENSP00000265056	9606.ENSP00000368164	0	0	0	0.682	0.605	0.496	0.900	0.184	0.981
MCM2	ORC1	9606.ENSP00000265056	9606.ENSP00000360623	0.060	0	0	0	0.884	0.937	0.650	0.388	0.998
MCM2	MCM3	9606.ENSP00000265056	9606.ENSP00000480987	0	0	0	0.726	0.991	0.997	0.900	0.469	0.999
MCM2	MCM7	9606.ENSP00000265056	9606.ENSP00000307288	0	0	0	0.779	0.980	0.998	0.900	0.633	0.999
MCM3	MCM5	9606.ENSP00000480987	9606.ENSP00000216122	0	0	0	0.739	0.991	0.998	0.900	0.990	0.999
MCM3	MCM4	9606.ENSP00000480987	9606.ENSP00000262105	0	0	0	0.712	0.991	0.997	0.900	0.991	0.999
MCM3	MCM6	9606.ENSP00000480987	9606.ENSP00000264156	0	0	0	0.722	0.991	0.997	0.900	0.991	0.999
MCM3	MCM7	9606.ENSP00000480987	9606.ENSP00000307288	0	0	0	0.773	0.986	0.997	0.900	0.990	0.999
MCM3	ORC1	9606.ENSP00000480987	9606.ENSP00000360623	0	0	0	0	0.856	0.843	0.650	0.589	0.996
MCM3	MCM8	9606.ENSP00000480987	9606.ENSP00000368164	0	0	0	0.636	0.718	0.620	0.900	0.479	0.993
MCM3	PCNA	9606.ENSP00000480987	9606.ENSP00000368458	0	0	0	0	0.882	0.095	0.720	0.284	0.975
MCM3	RFC4	9606.ENSP00000480987	9606.ENSP00000376272	0	0	0	0	0.847	0.275	0	0.760	0.971
MCM3	POLD1	9606.ENSP00000480987	9606.ENSP00000472445	0	0	0	0	0.771	0.647	0.720	0.442	0.985
MCM4	MCM5	9606.ENSP00000262105	9606.ENSP00000216122	0	0	0	0.776	0.980	0.997	0.900	0.990	0.999
MCM4	TYMS	9606.ENSP00000262105	9606.ENSP00000315644	0	0	0	0	0.906	0	0	0.371	0.938
MCM4	PCNA	9606.ENSP00000262105	9606.ENSP00000368458	0	0	0	0	0.875	0.637	0	0.300	0.965
MCM4	MCM8	9606.ENSP00000262105	9606.ENSP00000368164	0	0	0	0.680	0.726	0.718	0.900	0.704	0.997
MCM4	ORC1	9606.ENSP00000262105	9606.ENSP00000360623	0	0	0	0	0.790	0.963	0.650	0.559	0.998
MCM4	MCM6	9606.ENSP00000262105	9606.ENSP00000264156	0	0	0	0.727	0.991	0.997	0.900	0.991	0.999
MCM4	MCM7	9606.ENSP00000262105	9606.ENSP00000307288	0	0	0.093	0.786	0.971	0.997	0.900	0.990	0.999
MCM5	PCNA	9606.ENSP00000216122	9606.ENSP00000368458	0	0	0	0	0.878	0	0	0.357	0.918
MCM5	RRM2	9606.ENSP00000216122	9606.ENSP00000353770	0	0	0	0	0.846	0	0	0.651	0.944
MCM5	RFC4	9606.ENSP00000216122	9606.ENSP00000376272	0	0	0	0	0.791	0.099	0	0.751	0.949
MCM5	POLD1	9606.ENSP00000216122	9606.ENSP00000472445	0	0	0	0	0.892	0.406	0	0.560	0.969
MCM5	MCM8	9606.ENSP00000216122	9606.ENSP00000368164	0	0	0	0.679	0.667	0.668	0.900	0.713	0.996
MCM5	ORC1	9606.ENSP00000216122	9606.ENSP00000360623	0	0	0	0	0.803	0.964	0.650	0.524	0.998
MCM5	MCM7	9606.ENSP00000216122	9606.ENSP00000307288	0	0	0	0.767	0.982	0.997	0.900	0.990	0.999
MCM5	MCM6	9606.ENSP00000216122	9606.ENSP00000264156	0	0	0	0.742	0.981	0.997	0.900	0.990	0.999
MCM6	PCNA	9606.ENSP00000264156	9606.ENSP00000368458	0	0	0	0	0.905	0	0	0.116	0.912
MCM6	RFC4	9606.ENSP00000264156	9606.ENSP00000376272	0	0	0	0	0.827	0.091	0	0.683	0.945
MCM6	MCM8	9606.ENSP00000264156	9606.ENSP00000368164	0	0	0	0.661	0.185	0.292	0.900	0.825	0.988
MCM6	ORC1	9606.ENSP00000264156	9606.ENSP00000360623	0	0	0	0	0.743	0.937	0.650	0.568	0.997
MCM6	MCM7	9606.ENSP00000264156	9606.ENSP00000307288	0	0	0	0.777	0.973	0.997	0.900	0.990	0.999
MCM7	RFC4	9606.ENSP00000307288	9606.ENSP00000376272	0	0	0	0	0.636	0.093	0	0.738	0.906
MCM7	PCNA	9606.ENSP00000307288	9606.ENSP00000368458	0	0	0	0	0.927	0.714	0	0.370	0.985
MCM7	MCM8	9606.ENSP00000307288	9606.ENSP00000368164	0	0	0	0.695	0.670	0.719	0.900	0.766	0.997
MCM7	ORC1	9606.ENSP00000307288	9606.ENSP00000360623	0	0	0	0	0.747	0.937	0.650	0.579	0.997
MKI67	UBE2C	9606.ENSP00000357643	9606.ENSP00000348838	0	0	0	0	0.810	0	0	0.576	0.916
MKI67	RRM2	9606.ENSP00000357643	9606.ENSP00000353770	0	0	0	0	0.822	0	0	0.708	0.945
MKI67	TOP2A	9606.ENSP00000357643	9606.ENSP00000411532	0	0	0	0	0.957	0	0	0.845	0.993
MSH2	RFC4	9606.ENSP00000233146	9606.ENSP00000376272	0.049	0	0	0	0.539	0.054	0	0.863	0.935
MSH2	RAD51	9606.ENSP00000233146	9606.ENSP00000493712	0.057	0	0	0	0.242	0.354	0	0.893	0.944
MSH2	PCNA	9606.ENSP00000233146	9606.ENSP00000368458	0	0	0	0	0.455	0.858	0.500	0.364	0.972
MSH2	POLD1	9606.ENSP00000233146	9606.ENSP00000472445	0	0	0	0	0.293	0.637	0.900	0.811	0.994
NCAPD2	NCAPG2	9606.ENSP00000325017	9606.ENSP00000387007	0	0	0	0	0.610	0.098	0.540	0.938	0.988
NCAPG2	PLK1	9606.ENSP00000387007	9606.ENSP00000300093	0	0	0	0	0.307	0.301	0.500	0.705	0.919
NDC80	PBK	9606.ENSP00000261597	9606.ENSP00000428489	0	0	0	0	0.913	0	0	0.275	0.934
NDC80	PLK1	9606.ENSP00000261597	9606.ENSP00000300093	0	0	0	0	0.473	0.296	0.720	0.589	0.951
NDC80	NEK2	9606.ENSP00000261597	9606.ENSP00000355966	0	0	0	0	0.809	0.512	0	0.854	0.985
NEK2	PLK1	9606.ENSP00000355966	9606.ENSP00000300093	0	0	0	0.645	0.553	0	0.800	0.365	0.938
NEK2	UBE2C	9606.ENSP00000355966	9606.ENSP00000348838	0	0	0	0	0.653	0.093	0.500	0.571	0.923
NEK2	TOP2A	9606.ENSP00000355966	9606.ENSP00000411532	0	0	0	0	0.780	0	0	0.685	0.928
PBK	UBE2C	9606.ENSP00000428489	9606.ENSP00000348838	0	0	0	0	0.864	0.088	0	0.599	0.946
PBK	RRM2	9606.ENSP00000428489	9606.ENSP00000353770	0	0	0	0	0.783	0	0	0.690	0.930
PBK	TOP2A	9606.ENSP00000428489	9606.ENSP00000411532	0	0	0	0	0.839	0	0	0.753	0.958
PCNA	TYMS	9606.ENSP00000368458	9606.ENSP00000315644	0.191	0	0	0	0.840	0.088	0	0.350	0.913
PCNA	PIF1	9606.ENSP00000368458	9606.ENSP00000328174	0.113	0	0	0	0.105	0.850	0	0.349	0.912
PCNA	RAD51	9606.ENSP00000368458	9606.ENSP00000493712	0.042	0	0	0	0.507	0.682	0.400	0.410	0.937
PCNA	POLD1	9606.ENSP00000368458	9606.ENSP00000472445	0.090	0	0	0	0.307	0.993	0.720	0.359	0.999
PCNA	RFC4	9606.ENSP00000368458	9606.ENSP00000376272	0.057	0	0	0	0.896	0.997	0.500	0.351	0.999
PLK1	UBE2C	9606.ENSP00000300093	9606.ENSP00000348838	0	0	0	0	0.610	0.052	0.400	0.712	0.927
PLK1	TOP2A	9606.ENSP00000300093	9606.ENSP00000411532	0	0	0	0	0.612	0.292	0	0.768	0.931
PLK1	PTTG1	9606.ENSP00000300093	9606.ENSP00000377536	0	0	0	0	0.582	0	0.500	0.809	0.956
PLK1	SGO2	9606.ENSP00000300093	9606.ENSP00000350447	0	0	0	0	0.227	0	0.800	0.757	0.959
POLD1	RFC4	9606.ENSP00000472445	9606.ENSP00000376272	0	0	0	0	0.383	0.150	0.500	0.718	0.916
POLD1	RAD51	9606.ENSP00000472445	9606.ENSP00000493712	0.054	0	0	0	0.214	0.622	0.400	0.607	0.921
PTTG1	UBE2C	9606.ENSP00000377536	9606.ENSP00000348838	0	0	0	0	0.838	0	0.400	0.813	0.980
PTTG1	TOP2A	9606.ENSP00000377536	9606.ENSP00000411532	0	0	0	0	0.836	0	0	0.664	0.942
RAD51	UBE2C	9606.ENSP00000493712	9606.ENSP00000348838	0	0	0	0	0.566	0.114	0.720	0.215	0.904
RAD51	RAD54L	9606.ENSP00000493712	9606.ENSP00000361043	0.042	0	0	0	0.737	0.709	0	0.903	0.992
RAD51	XRCC3	9606.ENSP00000493712	9606.ENSP00000451974	0	0	0.177	0.595	0.067	0.955	0.500	0.930	0.998
RAD51	RECQL4	9606.ENSP00000493712	9606.ENSP00000482313	0.042	0	0	0	0.278	0.844	0	0.855	0.982
RECQL4	XRCC3	9606.ENSP00000482313	9606.ENSP00000451974	0.042	0	0	0	0.266	0.759	0	0.505	0.905
RRM2	TYMS	9606.ENSP00000353770	9606.ENSP00000315644	0	0	0	0	0.844	0	0	0.628	0.939
RRM2	UBE2C	9606.ENSP00000353770	9606.ENSP00000348838	0	0	0	0	0.730	0.068	0	0.749	0.931
RRM2	TK1	9606.ENSP00000353770	9606.ENSP00000468425	0	0	0	0	0.782	0	0	0.623	0.914
RRM2	TOP2A	9606.ENSP00000353770	9606.ENSP00000411532	0	0.035	0	0	0.807	0	0	0.785	0.956
SF3B4	SNRPE	9606.ENSP00000271628	9606.ENSP00000400591	0	0	0	0	0.111	0.937	0.900	0.524	0.996
SF3B4	SNRPB	9606.ENSP00000271628	9606.ENSP00000412566	0	0	0	0	0.100	0.958	0.900	0.775	0.999
SNRPB	SNRPE	9606.ENSP00000412566	9606.ENSP00000400591	0	0	0	0	0.377	0.988	0.900	0.998	0.999
TK1	TYMS	9606.ENSP00000468425	9606.ENSP00000315644	0.075	0	0	0	0.710	0	0.809	0.854	0.991
TOP2A	TYMS	9606.ENSP00000411532	9606.ENSP00000315644	0.120	0	0	0	0.780	0	0	0.813	0.960
TOP2A	UBE2C	9606.ENSP00000411532	9606.ENSP00000348838	0	0	0	0	0.842	0.068	0	0.837	0.973
UBE2C	UBE2S	9606.ENSP00000348838	9606.ENSP00000264552	0	0	0	0.771	0.390	0.292	0.900	0.696	0.985
